ActID,ActionID,EmpID,EffectiveDt
1,10,1,2015-01-01
2,10,2,2015-01-01
3,10,3,2015-10-06
4,10,4,2015-01-01
5,10,5,2015-05-22
6,10,6,2015-07-11
7,10,7,2015-12-04
8,10,8,2015-01-01
9,10,9,2015-01-01
10,10,10,2015-05-09
11,10,11,2015-05-11
12,10,12,2015-12-24
13,10,13,2015-01-01
14,10,14,2015-07-26
15,10,15,2016-03-13
16,10,16,2015-01-01
17,10,17,2015-10-08
18,10,18,2015-03-21
19,10,19,2015-01-01
20,10,20,2015-01-01
21,10,21,2015-09-29
22,10,22,2016-05-03
23,10,23,2015-01-01
24,10,24,2015-02-05
25,10,25,2015-12-19
26,10,26,2015-01-01
27,10,27,2015-09-04
28,10,28,2015-09-27
29,10,29,2015-04-21
30,10,30,2015-02-02
31,10,31,2015-01-01
32,10,32,2015-03-27
33,10,33,2015-10-17
34,10,34,2015-01-01
35,10,35,2015-01-01
36,10,36,2015-06-04
37,10,37,2017-05-09
38,10,38,2016-01-01
39,10,39,2015-01-01
40,10,40,2015-05-11
41,10,41,2016-03-21
42,10,42,2015-01-01
43,10,43,2015-07-21
44,10,44,2015-01-01
45,10,45,2015-01-01
46,10,46,2015-01-01
47,10,47,2015-01-01
48,10,48,2016-06-21
49,10,49,2015-01-01
50,10,50,2016-07-10
51,10,51,2015-05-03
52,10,52,2015-02-21
53,10,53,2015-01-01
54,10,54,2015-01-01
55,10,55,2015-01-01
56,10,56,2015-07-24
57,10,57,2015-02-08
58,10,58,2015-01-01
59,10,59,2015-01-15
60,10,60,2015-01-01
61,10,61,2015-09-06
62,10,62,2015-01-01
63,10,63,2015-01-01
64,10,64,2015-01-01
65,10,65,2015-03-27
66,10,66,2016-08-08
67,10,67,2015-04-14
68,10,68,2016-05-31
69,10,69,2015-08-03
70,10,70,2016-02-21
71,10,71,2015-09-09
72,10,72,2015-09-13
73,10,73,2015-10-26
74,10,74,2015-10-14
75,10,75,2015-01-01
76,10,76,2015-01-01
77,10,77,2015-01-01
78,10,78,2015-01-01
79,10,79,2015-01-12
80,10,80,2015-01-20
81,10,81,2015-01-01
82,10,82,2015-01-01
83,10,83,2015-01-01
84,10,84,2015-09-14
85,10,85,2015-01-01
86,10,86,2016-12-05
87,10,87,2015-04-09
88,10,88,2015-10-05
89,10,89,2015-05-13
90,10,90,2015-01-01
91,10,91,2015-06-11
92,10,92,2015-01-01
93,10,93,2015-01-01
94,10,94,2015-01-01
95,10,95,2015-01-01
96,10,96,2015-10-04
97,10,97,2015-10-23
98,10,98,2015-05-03
99,10,99,2015-01-01
100,10,100,2015-01-01
101,10,101,2016-01-03
102,10,102,2015-10-29
103,10,103,2015-11-12
104,10,104,2015-09-25
105,10,105,2015-01-01
106,10,106,2015-01-01
107,10,107,2015-01-01
108,10,108,2015-01-25
109,10,109,2015-01-01
110,10,110,2015-01-01
111,10,111,2015-01-01
112,10,112,2015-01-01
113,10,113,2015-10-16
114,10,114,2015-01-01
115,10,115,2015-05-09
116,10,116,2016-01-18
117,10,117,2015-02-15
118,10,118,2015-01-01
119,10,119,2015-01-01
120,10,120,2015-08-14
121,10,121,2015-01-01
122,10,122,2015-01-01
123,10,123,2015-01-01
124,10,124,2015-01-01
125,10,125,2015-01-01
126,10,126,2015-05-06
127,10,127,2016-03-10
128,10,128,2015-01-01
129,10,129,2015-01-01
130,10,130,2015-01-01
131,10,131,2015-01-01
132,10,132,2015-01-01
133,10,133,2015-01-01
134,10,134,2015-04-12
135,10,135,2015-01-01
136,10,136,2015-06-08
137,10,137,2015-10-02
138,10,138,2015-01-01
139,10,139,2015-01-01
140,10,140,2015-02-05
141,10,141,2015-01-01
142,10,142,2015-01-13
143,10,143,2015-07-13
144,10,144,2015-01-01
145,10,145,2015-03-05
146,10,146,2015-01-01
147,10,147,2015-01-01
148,10,148,2015-12-25
149,10,149,2015-01-01
150,10,150,2015-04-03
151,10,151,2015-01-01
152,10,152,2015-03-12
153,10,153,2015-01-01
154,10,154,2016-12-21
155,10,155,2015-01-01
156,10,156,2015-01-01
157,10,157,2015-01-01
158,10,158,2015-01-01
159,10,159,2016-02-13
160,10,160,2015-01-20
161,10,161,2015-01-01
162,10,162,2015-06-16
163,10,163,2015-01-01
164,10,164,2015-01-01
165,10,165,2015-01-01
166,10,166,2015-01-01
167,10,167,2015-01-01
168,10,168,2015-01-01
169,10,169,2016-01-15
170,10,170,2015-06-22
171,10,171,2016-03-30
172,10,172,2015-01-01
173,10,173,2015-10-27
174,10,174,2015-01-01
175,10,175,2015-01-01
176,10,176,2015-05-11
177,10,177,2015-08-27
178,10,178,2015-01-01
179,10,179,2015-01-01
180,10,180,2015-07-23
181,10,181,2015-01-01
182,10,182,2015-09-02
183,10,183,2015-01-01
184,10,184,2015-01-01
185,10,185,2015-01-01
186,10,186,2015-04-14
187,10,187,2015-01-01
188,10,188,2015-01-01
189,10,189,2015-01-01
190,10,190,2015-01-01
191,10,191,2015-01-01
192,10,192,2015-08-12
193,10,193,2015-08-09
194,10,194,2015-01-01
195,10,195,2016-11-06
196,10,196,2016-01-26
197,10,197,2015-02-16
198,10,198,2016-04-28
199,10,199,2015-01-01
200,10,200,2015-01-01
201,10,201,2015-01-01
202,10,202,2015-09-19
203,10,203,2016-05-19
204,10,204,2015-01-01
205,10,205,2015-06-25
206,10,206,2015-01-01
207,10,207,2015-01-01
208,10,208,2015-10-26
209,10,209,2015-01-01
210,10,210,2015-01-01
211,10,211,2015-03-12
212,10,212,2015-01-01
213,10,213,2016-01-04
214,10,214,2015-10-20
215,10,215,2016-07-20
216,10,216,2016-07-20
217,10,217,2016-08-14
218,10,218,2015-01-01
219,10,219,2015-01-01
220,10,220,2015-12-27
221,10,221,2015-01-01
222,10,222,2015-09-04
223,10,223,2015-01-01
224,10,224,2015-12-14
225,10,225,2015-01-01
226,10,226,2015-01-01
227,10,227,2015-01-01
228,10,228,2015-03-04
229,10,229,2015-01-01
230,10,230,2015-01-01
231,10,231,2016-05-29
232,10,232,2015-07-24
233,10,233,2015-01-01
234,10,234,2015-08-17
235,10,235,2015-01-01
236,10,236,2016-05-19
237,10,237,2016-10-28
238,10,238,2016-10-24
239,10,239,2016-05-19
240,10,240,2015-12-26
241,10,241,2015-01-01
242,10,242,2015-08-25
243,10,243,2015-01-01
244,10,244,2015-01-01
245,10,245,2015-08-04
246,10,246,2015-07-31
247,10,247,2015-01-01
248,10,248,2015-01-01
249,10,249,2015-01-01
250,10,250,2015-02-19
251,10,251,2015-01-01
252,10,252,2015-01-01
253,10,253,2015-09-07
254,10,254,2016-04-19
255,10,255,2015-01-01
256,10,256,2015-11-30
257,10,257,2015-05-09
258,10,258,2015-01-01
259,10,259,2015-01-01
260,10,260,2015-01-01
261,10,261,2015-01-01
262,10,262,2015-09-25
263,10,263,2016-06-11
264,10,264,2015-01-01
265,10,265,2015-01-01
266,10,266,2015-03-31
267,10,267,2015-01-01
268,10,268,2015-01-01
269,10,269,2015-05-10
270,10,270,2015-02-28
271,10,271,2015-09-26
272,10,272,2015-10-01
273,10,273,2015-04-12
274,10,274,2015-01-01
275,10,275,2015-01-01
276,10,276,2015-06-19
277,10,277,2017-06-01
278,10,278,2015-02-06
279,10,279,2016-08-22
280,10,280,2016-02-07
281,10,281,2015-01-01
282,10,282,2016-02-01
283,10,283,2015-11-13
284,10,284,2017-03-16
285,10,285,2015-04-23
286,10,286,2016-08-12
287,10,287,2015-07-29
288,10,288,2015-07-11
289,10,289,2015-01-01
290,10,290,2015-01-01
291,10,291,2015-01-01
292,10,292,2015-06-02
293,10,293,2015-10-01
294,10,294,2015-01-01
295,10,295,2015-01-01
296,10,296,2015-01-26
297,10,297,2015-01-01
298,10,298,2015-01-01
299,10,299,2015-01-01
300,10,300,2016-09-10
301,10,301,2015-07-12
302,10,302,2015-01-01
303,10,303,2015-01-01
304,10,304,2015-04-02
305,10,305,2015-01-01
306,10,306,2015-11-05
307,10,307,2015-01-01
308,10,308,2015-01-01
309,10,309,2015-05-24
310,10,310,2015-01-01
311,10,311,2015-01-01
312,10,312,2015-01-01
313,10,313,2015-01-01
314,10,314,2015-01-01
315,10,315,2015-07-08
316,10,316,2015-01-01
317,10,317,2016-03-02
318,10,318,2016-03-06
319,10,319,2015-05-27
320,10,320,2015-01-01
321,10,321,2015-01-01
322,10,322,2015-01-01
323,10,323,2015-03-10
324,10,324,2015-01-01
325,10,325,2015-05-01
326,10,326,2015-01-01
327,10,327,2015-01-01
328,10,328,2015-09-29
329,10,329,2015-01-01
330,10,330,2017-06-03
331,10,331,2016-05-11
332,10,332,2015-01-01
333,10,333,2015-01-01
334,10,334,2015-01-01
335,10,335,2015-05-18
336,10,336,2015-01-01
337,10,337,2015-01-01
338,10,338,2015-01-01
339,10,339,2016-10-20
340,10,340,2015-01-01
341,10,341,2015-07-15
342,10,342,2016-01-20
343,10,343,2015-01-21
344,10,344,2015-01-01
345,10,345,2015-01-03
346,10,346,2015-01-01
347,10,347,2016-12-31
348,10,348,2015-07-07
349,10,349,2015-01-26
350,10,350,2015-07-17
351,10,351,2017-03-04
352,10,352,2015-01-01
353,10,353,2015-01-01
354,10,354,2015-01-01
355,10,355,2015-01-01
356,10,356,2015-01-01
357,10,357,2016-02-25
358,10,358,2015-01-01
359,10,359,2015-01-01
360,10,360,2016-04-25
361,10,361,2015-01-11
362,10,362,2015-01-24
363,10,363,2016-03-21
364,10,364,2015-02-21
365,10,365,2017-11-24
366,10,366,2015-07-13
367,10,367,2015-06-11
368,10,368,2016-06-03
369,10,369,2017-05-05
370,10,370,2015-01-01
371,10,371,2015-01-01
372,10,372,2015-06-03
373,10,373,2015-01-01
374,10,374,2015-01-01
375,10,375,2015-01-01
376,10,376,2015-01-01
377,10,377,2015-01-01
378,10,378,2015-01-01
379,10,379,2015-05-20
380,10,380,2016-03-19
381,10,381,2015-03-03
382,10,382,2015-01-01
383,10,383,2015-07-16
384,10,384,2015-06-26
385,10,385,2015-01-01
386,10,386,2016-03-16
387,10,387,2015-01-01
388,10,388,2015-01-01
389,10,389,2015-01-12
390,10,390,2015-01-01
391,10,391,2016-01-17
392,10,392,2016-06-26
393,10,393,2015-01-01
394,10,394,2016-08-25
395,10,395,2015-01-01
396,10,396,2015-07-03
397,10,397,2015-01-01
398,10,398,2016-02-04
399,10,399,2015-01-01
400,10,400,2015-01-01
401,10,401,2016-04-10
402,10,402,2015-03-07
403,10,403,2015-01-01
404,10,404,2015-09-29
405,10,405,2016-12-31
406,10,406,2015-08-12
407,10,407,2015-05-29
408,10,408,2015-01-01
409,10,409,2015-01-01
410,10,410,2017-09-27
411,10,411,2015-07-22
412,10,412,2016-11-15
413,10,413,2017-09-10
414,10,414,2015-01-01
415,10,415,2015-11-25
416,10,416,2015-01-01
417,10,417,2015-01-01
418,10,418,2015-01-01
419,10,419,2015-05-02
420,10,420,2015-02-02
421,10,421,2015-02-06
422,10,422,2015-01-01
423,10,423,2015-11-18
424,10,424,2016-01-09
425,10,425,2015-01-22
426,10,426,2015-01-01
427,10,427,2015-01-01
428,10,428,2015-08-01
429,10,429,2016-01-26
430,10,430,2016-05-15
431,10,431,2016-03-28
432,10,432,2015-11-15
433,10,433,2015-01-01
434,10,434,2015-04-11
435,10,435,2015-01-01
436,10,436,2015-09-29
437,10,437,2015-01-01
438,10,438,2015-01-01
439,10,439,2015-01-01
440,10,440,2015-01-01
441,10,441,2015-01-20
442,10,442,2015-09-12
443,10,443,2015-01-01
444,10,444,2016-07-27
445,10,445,2015-11-26
446,10,446,2015-01-23
447,10,447,2015-01-01
448,10,448,2015-01-01
449,10,449,2015-08-28
450,10,450,2016-10-08
451,10,451,2015-01-01
452,10,452,2015-01-01
453,10,453,2016-09-23
454,10,454,2015-08-07
455,10,455,2015-01-01
456,10,456,2015-05-24
457,10,457,2015-01-01
458,10,458,2015-01-01
459,10,459,2015-01-01
460,10,460,2015-05-09
461,10,461,2016-02-22
462,10,462,2016-01-25
463,10,463,2015-01-01
464,10,464,2015-01-01
465,10,465,2016-03-18
466,10,466,2015-02-04
467,10,467,2015-04-05
468,10,468,2015-06-02
469,10,469,2015-11-22
470,10,470,2015-01-01
471,10,471,2015-01-01
472,10,472,2015-01-01
473,10,473,2015-01-01
474,10,474,2015-01-01
475,10,475,2015-01-01
476,10,476,2015-11-10
477,10,477,2015-01-01
478,10,478,2016-05-08
479,10,479,2015-01-01
480,10,480,2015-06-27
481,10,481,2015-05-01
482,10,482,2015-01-01
483,10,483,2015-04-23
484,10,484,2015-01-01
485,10,485,2015-09-24
486,10,486,2015-01-01
487,10,487,2016-04-10
488,10,488,2015-01-01
489,10,489,2015-01-01
490,10,490,2015-03-04
491,10,491,2015-07-09
492,10,492,2015-01-01
493,10,493,2015-01-01
494,10,494,2015-06-30
495,10,495,2015-06-16
496,10,496,2015-01-01
497,10,497,2016-11-06
498,10,498,2015-01-01
499,10,499,2015-01-01
500,10,500,2015-01-01
501,10,501,2015-11-28
502,10,502,2015-01-01
503,10,503,2015-10-22
504,10,504,2015-05-29
505,10,505,2015-01-01
506,10,506,2016-08-24
507,10,507,2015-01-01
508,10,508,2015-02-23
509,10,509,2015-05-02
510,10,510,2015-01-01
511,10,511,2015-01-01
512,10,512,2015-11-05
513,10,513,2016-04-22
514,10,514,2015-04-03
515,10,515,2015-01-01
516,10,516,2015-01-01
517,10,517,2016-10-29
518,10,518,2015-12-24
519,10,519,2015-01-01
520,10,520,2016-07-15
521,10,521,2015-01-01
522,10,522,2015-02-20
523,10,523,2015-04-29
524,10,524,2015-01-01
525,10,525,2015-01-01
526,10,526,2015-01-01
527,10,527,2015-05-25
528,10,528,2015-01-01
529,10,529,2015-01-01
530,10,530,2015-01-01
531,10,531,2015-09-20
532,10,532,2015-01-01
533,10,533,2015-01-01
534,10,534,2015-01-01
535,10,535,2015-04-18
536,10,536,2015-01-01
537,10,537,2015-01-01
538,10,538,2015-01-01
539,10,539,2016-02-04
540,10,540,2015-01-01
541,10,541,2015-04-24
542,10,542,2015-01-01
543,10,543,2015-01-01
544,10,544,2015-11-13
545,10,545,2015-03-06
546,10,546,2015-09-09
547,10,547,2015-01-01
548,10,548,2015-05-30
549,10,549,2015-02-21
550,10,550,2015-01-01
551,10,551,2015-02-15
552,10,552,2015-01-01
553,10,553,2015-01-01
554,10,554,2015-01-01
555,10,555,2016-08-12
556,10,556,2015-08-16
557,10,557,2015-01-01
558,10,558,2015-01-01
559,10,559,2015-01-01
560,10,560,2015-01-01
561,10,561,2015-01-01
562,10,562,2015-06-06
563,10,563,2015-01-01
564,10,564,2015-06-17
565,10,565,2017-11-10
566,10,566,2015-01-01
567,10,567,2015-12-17
568,10,568,2015-04-17
569,10,569,2015-01-01
570,10,570,2015-07-17
571,10,571,2016-03-01
572,10,572,2015-08-21
573,10,573,2015-01-01
574,10,574,2015-01-01
575,10,575,2015-01-01
576,10,576,2015-07-14
577,10,577,2015-04-29
578,10,578,2015-11-04
579,10,579,2015-02-03
580,10,580,2015-01-01
581,10,581,2015-02-03
582,10,582,2015-01-09
583,10,583,2015-01-01
584,10,584,2015-10-16
585,10,585,2015-01-01
586,10,586,2015-01-01
587,10,587,2015-05-28
588,10,588,2015-01-01
589,10,589,2016-01-03
590,10,590,2015-01-29
591,10,591,2015-10-11
592,10,592,2015-01-01
593,10,593,2015-02-18
594,10,594,2015-01-01
595,10,595,2015-01-01
596,10,596,2015-01-01
597,10,597,2015-01-01
598,10,598,2015-08-17
599,10,599,2015-01-01
600,10,600,2016-06-18
601,10,601,2015-01-01
602,10,602,2016-05-25
603,10,603,2015-01-01
604,10,604,2015-01-01
605,10,605,2015-10-08
606,10,606,2015-01-01
607,10,607,2015-06-22
608,10,608,2015-01-01
609,10,609,2015-01-01
610,10,610,2015-08-19
611,10,611,2015-01-01
612,10,612,2015-03-01
613,10,613,2016-04-30
614,10,614,2015-06-22
615,10,615,2015-09-19
616,10,616,2015-01-01
617,10,617,2016-07-07
618,10,618,2016-01-30
619,10,619,2015-09-13
620,10,620,2015-03-20
621,10,621,2015-11-20
622,10,622,2016-06-13
623,10,623,2016-06-24
624,10,624,2016-01-02
625,10,625,2015-01-01
626,10,626,2015-02-05
627,10,627,2016-07-14
628,10,628,2015-01-01
629,10,629,2015-08-24
630,10,630,2015-01-01
631,10,631,2015-01-01
632,10,632,2015-01-01
633,10,633,2015-01-01
634,10,634,2015-01-01
635,10,635,2015-01-01
636,10,636,2015-01-01
637,10,637,2016-07-31
638,10,638,2015-01-01
639,10,639,2015-01-25
640,10,640,2015-01-01
641,10,641,2016-05-11
642,10,642,2015-02-28
643,10,643,2015-01-01
644,10,644,2016-01-20
645,10,645,2015-06-10
646,10,646,2015-08-29
647,10,647,2015-01-01
648,10,648,2015-01-01
649,10,649,2016-02-18
650,10,650,2015-01-01
651,10,651,2015-01-01
652,10,652,2016-01-08
653,10,653,2015-01-01
654,10,654,2015-01-01
655,10,655,2015-01-01
656,10,656,2015-01-01
657,10,657,2015-01-01
658,10,658,2015-11-18
659,10,659,2015-10-05
660,10,660,2015-07-18
661,10,661,2015-07-09
662,10,662,2016-01-31
663,10,663,2015-12-05
664,10,664,2015-01-01
665,10,665,2015-01-01
666,10,666,2015-01-01
667,10,667,2015-01-01
668,10,668,2015-06-26
669,10,669,2015-01-01
670,10,670,2016-07-19
671,10,671,2015-09-18
672,10,672,2015-08-18
673,10,673,2015-01-01
674,10,674,2015-01-01
675,10,675,2016-11-06
676,10,676,2015-01-01
677,10,677,2015-12-05
678,10,678,2015-07-10
679,10,679,2015-02-05
680,10,680,2015-01-01
681,10,681,2015-01-01
682,10,682,2016-01-13
683,10,683,2015-01-01
684,10,684,2017-12-07
685,10,685,2016-06-01
686,10,686,2015-01-01
687,10,687,2015-01-01
688,10,688,2017-01-08
689,10,689,2015-05-24
690,10,690,2016-12-08
691,10,691,2015-01-01
692,10,692,2015-12-17
693,10,693,2015-01-01
694,10,694,2015-01-01
695,10,695,2015-04-05
696,10,696,2015-01-01
697,10,697,2015-09-12
698,10,698,2016-04-20
699,10,699,2016-01-04
700,10,700,2015-10-14
701,10,701,2015-01-01
702,10,702,2015-02-26
703,10,703,2015-01-01
704,10,704,2015-01-01
705,10,705,2015-09-17
706,10,706,2016-03-21
707,10,707,2016-03-29
708,10,708,2015-01-01
709,10,709,2015-01-01
710,10,710,2015-02-09
711,10,711,2015-01-01
712,10,712,2015-01-01
713,10,713,2016-05-14
714,10,714,2015-01-01
715,10,715,2015-01-01
716,10,716,2015-01-01
717,10,717,2015-01-01
718,10,718,2015-01-01
719,10,719,2015-08-05
720,10,720,2015-01-01
721,10,721,2015-01-01
722,10,722,2015-01-01
723,10,723,2015-04-29
724,10,724,2016-01-09
725,10,725,2015-10-14
726,10,726,2015-02-15
727,10,727,2015-09-28
728,10,728,2015-01-01
729,10,729,2015-06-10
730,10,730,2015-06-20
731,10,731,2015-11-19
732,10,732,2015-09-29
733,10,733,2015-10-09
734,10,734,2015-01-01
735,10,735,2015-01-01
736,10,736,2015-02-09
737,10,737,2015-09-28
738,10,738,2015-01-01
739,10,739,2015-01-01
740,10,740,2015-01-01
741,10,741,2015-01-01
742,10,742,2015-01-01
743,10,743,2016-02-28
744,10,744,2017-04-11
745,10,745,2015-01-01
746,10,746,2015-01-01
747,10,747,2015-01-01
748,10,748,2016-12-12
749,10,749,2015-03-29
750,10,750,2015-01-01
751,10,751,2015-01-01
752,10,752,2015-06-17
753,10,753,2015-06-13
754,10,754,2016-11-23
755,10,755,2015-05-09
756,10,756,2015-09-07
757,10,757,2016-05-11
758,10,758,2015-08-12
759,10,759,2015-01-01
760,10,760,2016-01-28
761,10,761,2016-11-30
762,10,762,2015-01-01
763,10,763,2015-01-01
764,10,764,2015-05-21
765,10,765,2015-01-06
766,10,766,2015-01-01
767,10,767,2015-11-21
768,10,768,2015-10-13
769,10,769,2015-01-01
770,10,770,2015-10-06
771,10,771,2016-05-15
772,10,772,2016-05-15
773,10,773,2015-04-26
774,10,774,2016-04-21
775,10,775,2015-01-01
776,10,776,2015-07-12
777,10,777,2015-01-19
778,10,778,2015-01-13
779,10,779,2015-01-01
780,10,780,2015-11-01
781,10,781,2015-01-15
782,10,782,2015-01-01
783,10,783,2015-02-04
784,10,784,2016-02-03
785,10,785,2015-01-01
786,10,786,2015-11-11
787,10,787,2015-01-01
788,10,788,2015-02-15
789,10,789,2015-01-01
790,10,790,2015-11-05
791,10,791,2015-01-01
792,10,792,2015-01-16
793,10,793,2015-06-06
794,10,794,2016-04-20
795,10,795,2016-05-26
796,10,796,2015-01-01
797,10,797,2015-04-26
798,10,798,2015-09-28
799,10,799,2015-04-13
800,10,800,2016-05-13
801,10,801,2016-10-13
802,10,802,2015-01-01
803,10,803,2015-01-01
804,10,804,2015-05-28
805,10,805,2015-01-01
806,10,806,2015-01-01
807,10,807,2015-10-07
808,10,808,2015-01-01
809,10,809,2015-01-01
810,10,810,2015-01-15
811,10,811,2015-03-02
812,10,812,2015-01-12
813,10,813,2015-12-13
814,10,814,2015-01-01
815,10,815,2015-01-01
816,10,816,2016-07-15
817,10,817,2015-01-01
818,10,818,2015-01-29
819,10,819,2015-12-17
820,10,820,2015-01-01
821,10,821,2015-01-01
822,10,822,2015-09-18
823,10,823,2015-04-24
824,10,824,2015-01-01
825,10,825,2015-09-04
826,10,826,2015-01-01
827,10,827,2015-01-01
828,10,828,2015-01-01
829,10,829,2015-01-01
830,10,830,2016-09-09
831,10,831,2015-11-03
832,10,832,2016-07-06
833,10,833,2015-01-01
834,10,834,2015-01-01
835,10,835,2015-01-01
836,10,836,2015-01-01
837,10,837,2015-01-01
838,10,838,2015-12-11
839,10,839,2015-11-22
840,10,840,2015-11-02
841,10,841,2015-06-29
842,10,842,2015-01-01
843,10,843,2015-01-01
844,10,844,2015-01-01
845,10,845,2015-01-30
846,10,846,2015-05-02
847,10,847,2016-05-16
848,10,848,2016-04-22
849,10,849,2015-05-04
850,10,850,2015-01-01
851,10,851,2015-01-01
852,10,852,2015-11-23
853,10,853,2015-05-15
854,10,854,2015-04-17
855,10,855,2015-01-01
856,10,856,2015-01-04
857,10,857,2015-01-01
858,10,858,2015-07-01
859,10,859,2015-03-24
860,10,860,2015-05-01
861,10,861,2015-01-01
862,10,862,2015-01-01
863,10,863,2015-01-01
864,10,864,2016-01-09
865,10,865,2015-07-29
866,10,866,2015-01-01
867,10,867,2015-01-01
868,10,868,2015-11-20
869,10,869,2016-07-25
870,10,870,2015-01-01
871,10,871,2015-01-01
872,10,872,2015-01-01
873,10,873,2015-01-01
874,10,874,2015-01-01
875,10,875,2015-04-28
876,10,876,2015-04-16
877,10,877,2015-04-28
878,10,878,2015-01-01
879,10,879,2015-01-01
880,10,880,2015-09-17
881,10,881,2015-01-01
882,10,882,2015-05-25
883,10,883,2015-03-22
884,10,884,2015-01-01
885,10,885,2015-01-01
886,10,886,2015-01-01
887,10,887,2015-01-01
888,10,888,2015-12-21
889,10,889,2015-01-01
890,10,890,2016-05-26
891,10,891,2015-01-11
892,10,892,2015-01-01
893,10,893,2015-01-01
894,10,894,2017-07-29
895,10,895,2015-01-01
896,10,896,2015-05-21
897,10,897,2015-06-20
898,10,898,2015-01-01
899,10,899,2015-05-17
900,10,900,2015-01-01
901,10,901,2015-12-12
902,10,902,2015-01-01
903,10,903,2015-01-01
904,10,904,2015-01-01
905,10,905,2015-01-01
906,10,906,2016-02-12
907,10,907,2015-01-01
908,10,908,2015-01-01
909,10,909,2015-01-01
910,10,910,2015-02-26
911,10,911,2016-01-22
912,10,912,2015-01-09
913,10,913,2015-02-23
914,10,914,2015-01-01
915,10,915,2015-02-17
916,10,916,2015-05-14
917,10,917,2015-01-01
918,10,918,2017-05-15
919,10,919,2017-04-14
920,10,920,2015-01-01
921,10,921,2015-01-01
922,10,922,2015-01-01
923,10,923,2015-12-04
924,10,924,2015-01-01
925,10,925,2018-05-20
926,10,926,2016-01-16
927,10,927,2015-07-21
928,10,928,2015-01-01
929,10,929,2015-01-01
930,10,930,2015-01-01
931,10,931,2015-01-01
932,10,932,2015-01-29
933,10,933,2015-01-01
934,10,934,2015-01-01
935,10,935,2015-01-01
936,10,936,2015-04-25
937,10,937,2016-02-17
938,10,938,2015-01-01
939,10,939,2015-01-01
940,10,940,2015-01-01
941,10,941,2017-03-13
942,10,942,2016-02-04
943,10,943,2016-05-07
944,10,944,2015-01-01
945,10,945,2015-01-01
946,10,946,2015-01-01
947,10,947,2016-04-26
948,10,948,2016-03-27
949,10,949,2016-03-25
950,10,950,2015-01-14
951,10,951,2016-03-28
952,10,952,2015-01-01
953,10,953,2017-06-17
954,10,954,2015-01-01
955,10,955,2015-01-23
956,10,956,2015-04-27
957,10,957,2015-01-01
958,10,958,2015-04-01
959,10,959,2015-01-01
960,10,960,2016-06-12
961,10,961,2015-10-07
962,10,962,2015-11-26
963,10,963,2015-01-01
964,10,964,2015-08-08
965,10,965,2015-10-02
966,10,966,2015-01-01
967,10,967,2016-02-08
968,10,968,2015-06-20
969,10,969,2015-07-25
970,10,970,2016-03-21
971,10,971,2015-05-19
972,10,972,2015-01-01
973,10,973,2015-01-01
974,10,974,2015-01-01
975,10,975,2015-01-01
976,10,976,2015-06-17
977,10,977,2015-01-01
978,10,978,2015-01-16
979,10,979,2015-05-23
980,10,980,2015-01-01
981,10,981,2015-09-09
982,10,982,2016-06-22
983,10,983,2015-01-01
984,10,984,2015-01-01
985,10,985,2015-01-01
986,10,986,2016-08-25
987,10,987,2015-04-20
988,10,988,2015-08-21
989,10,989,2015-01-29
990,10,990,2015-01-01
991,10,991,2015-04-05
992,10,992,2015-01-01
993,10,993,2016-05-11
994,10,994,2015-01-01
995,10,995,2015-10-30
996,10,996,2015-11-19
997,10,997,2015-12-19
998,10,998,2015-01-01
999,10,999,2016-01-22
1000,10,1000,2015-04-29
1001,91,201,2015-06-06
1002,10,1001,2015-05-19
1003,90,599,2015-01-31
1004,10,1002,2015-05-21
1005,91,531,2015-10-03
1006,10,1003,2015-03-14
1007,91,140,2015-10-27
1008,10,1004,2015-10-22
1009,90,210,2015-06-26
1010,10,1005,2015-06-07
1011,90,909,2015-04-14
1012,10,1006,2015-03-04
1013,10,1007,2015-01-09
1014,90,781,2016-01-05
1015,10,1008,2015-06-12
1016,90,488,2015-06-17
1017,10,1009,2015-02-12
1018,90,9,2015-04-07
1019,10,1010,2015-10-16
1020,91,799,2015-04-27
1021,10,1011,2015-05-21
1022,90,756,2015-09-15
1023,10,1012,2015-06-18
1024,91,9,2015-02-22
1025,10,1013,2015-09-16
1026,90,958,2015-10-31
1027,10,1014,2015-08-06
1028,90,40,2015-08-27
1029,10,1015,2015-06-18
1030,90,824,2015-05-21
1031,10,1016,2015-05-08
1032,91,457,2015-09-23
1033,10,1017,2015-03-22
1034,91,779,2015-05-18
1035,10,1018,2015-03-14
1036,91,233,2016-02-23
1037,10,1019,2015-09-27
1038,10,1020,2015-07-29
1039,91,804,2015-07-27
1040,10,1021,2015-06-25
1041,90,631,2015-08-09
1042,10,1022,2015-04-06
1043,10,1023,2015-04-26
1044,10,1024,2015-05-17
1045,10,1025,2015-05-10
1046,90,608,2015-07-16
1047,10,1026,2015-06-09
1048,90,142,2015-06-19
1049,10,1027,2016-01-16
1050,91,620,2016-02-14
1051,10,1028,2015-11-29
1052,10,1029,2015-08-28
1053,90,373,2015-06-08
1054,10,1030,2015-10-06
1055,10,1031,2015-11-08
1056,10,1032,2015-05-22
1057,91,674,2015-03-19
1058,10,1033,2015-01-01
1059,10,1034,2015-08-19
1060,10,1035,2015-03-23
1061,90,334,2015-02-04
1062,10,1036,2015-09-28
1063,10,1037,2015-08-23
1064,90,183,2015-06-30
1065,10,1038,2015-03-18
1066,90,464,2015-04-04
1067,10,1039,2015-07-31
1068,90,650,2015-06-05
1069,10,1040,2015-01-01
1070,91,935,2015-04-30
1071,10,1041,2015-05-31
1072,10,1042,2015-01-01
1073,91,370,2015-10-15
1074,10,1043,2015-08-22
1075,10,1044,2015-06-27
1076,10,1045,2015-04-27
1077,10,1046,2015-07-03
1078,90,655,2015-06-25
1079,10,1047,2015-06-19
1080,10,1048,2015-10-08
1081,10,1049,2015-07-18
1082,91,630,2015-06-09
1083,10,1050,2015-08-01
1084,90,133,2015-05-08
1085,10,1051,2015-10-26
1086,90,328,2016-05-18
1087,10,1052,2016-05-17
1088,90,293,2016-05-14
1089,10,1053,2016-01-22
1090,91,564,2016-05-21
1091,10,1054,2016-05-13
1092,91,207,2016-04-17
1093,10,1055,2016-02-25
1094,91,662,2016-07-17
1095,10,1056,2016-07-29
1096,91,721,2016-07-28
1097,10,1057,2016-09-12
1098,91,728,2016-01-26
1099,10,1058,2017-02-02
1100,90,666,2016-05-02
1101,10,1059,2016-02-01
1102,91,133,2016-05-21
1103,10,1060,2017-01-12
1104,90,882,2016-10-17
1105,10,1061,2016-04-07
1106,91,794,2016-10-30
1107,10,1062,2016-12-01
1108,10,1063,2016-03-24
1109,90,1006,2016-04-30
1110,10,1064,2016-03-17
1111,90,387,2016-07-20
1112,10,1065,2016-07-03
1113,90,834,2016-04-03
1114,10,1066,2016-03-19
1115,90,846,2016-08-09
1116,10,1067,2016-07-25
1117,90,715,2016-07-27
1118,10,1068,2016-06-20
1119,90,441,2016-08-04
1120,10,1069,2016-02-29
1121,90,190,2016-07-05
1122,10,1070,2016-06-08
1123,90,557,2016-08-18
1124,10,1071,2016-03-25
1125,90,81,2017-04-13
1126,10,1072,2016-09-02
1127,90,321,2016-06-19
1128,10,1073,2016-10-19
1129,91,976,2016-03-25
1130,10,1074,2016-09-30
1131,91,728,2016-09-15
1132,10,1075,2016-06-16
1133,10,1076,2016-04-11
1134,90,588,2016-02-02
1135,10,1077,2016-08-04
1136,91,63,2016-08-25
1137,10,1078,2016-03-07
1138,90,264,2016-04-09
1139,10,1079,2016-03-22
1140,90,582,2016-08-14
1141,10,1080,2016-07-18
1142,90,95,2016-10-29
1143,10,1081,2016-06-22
1144,90,482,2016-07-03
1145,10,1082,2016-06-08
1146,90,609,2016-06-18
1147,10,1083,2016-10-10
1148,91,42,2016-09-21
1149,10,1084,2016-05-09
1150,90,126,2016-06-20
1151,10,1085,2016-02-15
1152,10,1086,2016-07-04
1153,90,504,2016-11-25
1154,10,1087,2016-07-25
1155,91,769,2016-08-13
1156,10,1088,2016-04-04
1157,91,580,2016-11-14
1158,10,1089,2016-07-24
1159,90,1046,2016-03-27
1160,10,1090,2016-05-27
1161,10,1091,2016-02-08
1162,90,211,2016-04-19
1163,10,1092,2016-09-08
1164,90,420,2016-04-06
1165,10,1093,2016-12-21
1166,91,621,2016-08-07
1167,10,1094,2016-10-14
1168,91,959,2016-09-26
1169,10,1095,2016-07-08
1170,91,671,2016-06-23
1171,10,1096,2016-07-27
1172,90,587,2016-09-12
1173,10,1097,2016-04-20
1174,90,648,2016-06-26
1175,10,1098,2016-06-11
1176,90,348,2016-06-15
1177,10,1099,2016-09-16
1178,91,514,2015-12-28
1179,10,1100,2016-09-27
1180,90,82,2016-04-29
1181,10,1101,2016-08-10
1182,90,666,2016-05-04
1183,10,1102,2016-07-16
1184,10,1103,2016-03-29
1185,90,214,2016-10-11
1186,10,1104,2016-03-02
1187,91,1028,2016-04-21
1188,10,1105,2016-10-28
1189,91,309,2017-09-26
1190,10,1106,2017-09-23
1191,91,625,2017-08-07
1192,10,1107,2017-09-25
1193,91,1071,2017-09-02
1194,10,1108,2017-03-13
1195,91,126,2017-04-22
1196,10,1109,2017-02-15
1197,90,835,2017-08-06
1198,10,1110,2017-10-04
1199,91,839,2017-09-16
1200,10,1111,2017-04-19
1201,91,53,2017-07-21
1202,10,1112,2017-04-04
1203,90,147,2017-01-15
1204,10,1113,2017-04-04
1205,91,1040,2017-11-18
1206,10,1114,2017-06-26
1207,91,117,2017-06-04
1208,10,1115,2017-11-01
1209,91,1,2017-05-29
1210,10,1116,2017-07-08
1211,91,1052,2017-04-20
1212,10,1117,2017-04-24
1213,91,253,2017-08-06
1214,10,1118,2017-10-26
1215,91,837,2017-11-09
1216,10,1119,2017-07-09
1217,90,155,2017-09-16
1218,10,1120,2017-05-20
1219,90,266,2017-03-27
1220,10,1121,2017-06-10
1221,90,794,2017-09-03
1222,10,1122,2017-01-24
1223,91,234,2017-09-15
1224,10,1123,2017-05-21
1225,90,781,2017-11-08
1226,10,1124,2017-09-22
1227,91,338,2017-06-05
1228,10,1125,2017-09-19
1229,90,486,2017-05-10
1230,10,1126,2017-07-04
1231,91,985,2017-09-10
1232,10,1127,2017-02-13
1233,91,273,2017-08-12
1234,10,1128,2017-03-23
1235,90,138,2017-06-15
1236,10,1129,2017-07-07
1237,91,1099,2017-08-14
1238,10,1130,2017-11-11
1239,90,834,2017-09-26
1240,10,1131,2017-05-07
1241,90,414,2016-12-27
1242,10,1132,2016-11-17
1243,90,855,2017-07-10
1244,10,1133,2017-11-15
1245,91,250,2017-06-29
1246,10,1134,2017-05-08
1247,91,430,2017-03-29
1248,10,1135,2017-08-01
1249,91,665,2017-02-01
1250,10,1136,2017-11-24
1251,90,1053,2018-01-08
1252,10,1137,2017-04-27
1253,91,489,2017-03-18
1254,10,1138,2017-08-27
1255,90,226,2017-06-22
1256,10,1139,2017-08-06
1257,91,603,2017-07-19
1258,10,1140,2017-07-24
1259,90,1019,2017-06-09
1260,10,1141,2017-05-09
1261,90,592,2016-12-08
1262,10,1142,2017-08-02
1263,91,1028,2017-07-24
1264,10,1143,2017-07-21
1265,91,401,2017-10-01
1266,10,1144,2017-05-30
1267,90,637,2017-07-15
1268,10,1145,2017-07-19
1269,91,697,2017-12-18
1270,10,1146,2017-08-14
1271,90,266,2017-05-05
1272,10,1147,2017-07-23
1273,90,465,2017-06-21
1274,10,1148,2017-04-13
1275,90,937,2017-04-11
1276,10,1149,2017-07-30
1277,90,955,2017-09-15
1278,10,1150,2017-06-23
1279,10,1151,2017-08-24
1280,91,358,2017-04-04
1281,10,1152,2017-09-06
1282,90,165,2017-04-09
1283,10,1153,2017-07-04
1284,90,837,2017-05-29
1285,10,1154,2017-02-14
1286,10,1155,2017-10-16
1287,10,1156,2017-06-10
1288,90,944,2017-08-05
1289,10,1157,2017-07-31
1290,91,1014,2017-03-27
1291,10,1158,2017-08-26
1292,91,178,2017-07-06
1293,10,1159,2017-06-26
1294,90,781,2017-06-10
1295,10,1160,2017-07-30
1296,90,243,2017-10-25
1297,10,1161,2017-08-27
1298,90,950,2018-11-21
1299,10,1162,2018-06-03
1300,90,867,2018-05-30
1301,10,1163,2018-05-13
1302,90,76,2018-09-17
1303,10,1164,2018-08-14
1304,91,350,2019-01-07
1305,10,1165,2019-02-20
1306,90,1084,2018-10-06
1307,10,1166,2018-06-09
1308,90,687,2018-07-21
1309,10,1167,2018-05-07
1310,91,814,2018-04-17
1311,10,1168,2018-09-07
1312,91,647,2018-04-11
1313,10,1169,2018-06-16
1314,91,766,2017-11-17
1315,10,1170,2018-08-10
1316,91,609,2018-10-20
1317,10,1171,2018-09-22
1318,91,1042,2018-07-18
1319,10,1172,2018-07-13
1320,91,228,2018-07-06
1321,10,1173,2018-07-07
1322,91,292,2018-01-28
1323,10,1174,2018-02-24
1324,90,525,2018-08-22
1325,10,1175,2018-07-07
1326,91,353,2018-10-24
1327,10,1176,2018-07-23
1328,90,157,2018-12-11
1329,10,1177,2018-04-28
1330,90,461,2018-06-02
1331,10,1178,2018-03-02
1332,91,459,2018-04-19
1333,10,1179,2018-10-27
1334,91,184,2018-06-11
1335,10,1180,2018-02-06
1336,91,164,2018-10-12
1337,10,1181,2018-06-10
1338,90,52,2018-07-14
1339,10,1182,2018-07-15
1340,91,921,2018-05-02
1341,10,1183,2018-05-25
1342,90,878,2018-04-21
1343,10,1184,2018-07-11
1344,91,303,2018-09-19
1345,10,1185,2018-06-03
1346,91,663,2018-12-30
1347,10,1186,2018-09-11
1348,91,7,2018-10-08
1349,10,1187,2018-06-05
1350,91,158,2017-12-22
1351,10,1188,2018-06-09
1352,90,571,2018-06-27
1353,10,1189,2018-09-20
1354,91,49,2018-08-28
1355,10,1190,2018-09-04
1356,91,257,2018-09-15
1357,10,1191,2018-04-14
1358,90,210,2018-04-16
1359,10,1192,2018-01-05
1360,91,811,2018-12-15
1361,10,1193,2018-10-05
1362,90,1139,2018-10-28
1363,10,1194,2018-09-06
1364,91,422,2018-06-09
1365,10,1195,2018-05-05
1366,90,872,2018-03-26
1367,10,1196,2018-07-14
1368,91,917,2018-04-20
1369,10,1197,2018-06-17
1370,90,1176,2018-10-04
1371,10,1198,2018-03-31
1372,90,557,2018-08-26
1373,10,1199,2018-06-19
1374,91,173,2018-08-22
1375,10,1200,2018-10-11
1376,90,142,2018-09-07
1377,10,1201,2018-11-20
1378,91,167,2019-01-24
1379,10,1202,2018-05-31
1380,90,290,2018-10-28
1381,10,1203,2018-04-03
1382,10,1204,2018-05-02
1383,91,61,2018-04-29
1384,10,1205,2018-07-22
1385,91,996,2018-03-18
1386,10,1206,2018-07-16
1387,91,73,2018-09-18
1388,10,1207,2017-10-31
1389,91,300,2018-02-22
1390,10,1208,2018-05-01
1391,90,649,2018-08-25
1392,10,1209,2018-05-07
1393,90,1168,2018-11-16
1394,10,1210,2018-06-05
1395,90,348,2018-09-15
1396,10,1211,2018-05-25
1397,90,31,2018-07-28
1398,10,1212,2018-04-23
1399,90,749,2018-06-03
1400,10,1213,2018-05-25
1401,91,421,2018-08-26
1402,10,1214,2018-09-17
1403,90,103,2018-07-29
1404,10,1215,2018-09-07
1405,90,588,2018-09-15
1406,10,1216,2018-02-02
1407,91,345,2018-08-03
1408,10,1217,2018-09-21
1409,90,676,2018-11-26
1410,10,1218,2017-12-16
1411,91,628,2017-12-23
1412,10,1219,2018-09-27
1413,90,701,2018-06-17
1414,10,1220,2018-07-20
1415,90,513,2019-05-20
1416,10,1221,2019-08-03
1417,90,780,2019-07-27
1418,10,1222,2019-09-20
1419,91,1144,2019-09-30
1420,10,1223,2019-05-01
1421,90,858,2019-01-19
1422,10,1224,2019-07-11
1423,90,199,2019-06-15
1424,10,1225,2020-01-12
1425,90,1100,2019-01-14
1426,10,1226,2019-04-03
1427,90,1198,2019-04-04
1428,10,1227,2019-05-18
1429,90,782,2019-11-13
1430,10,1228,2019-07-21
1431,90,620,2019-06-16
1432,10,1229,2019-09-02
1433,91,1149,2019-07-15
1434,10,1230,2019-09-27
1435,91,954,2019-06-29
1436,10,1231,2019-07-25
1437,91,862,2019-10-12
1438,10,1232,2019-08-15
1439,91,202,2019-07-27
1440,10,1233,2019-06-26
1441,91,1173,2019-09-15
1442,10,1234,2019-06-22
1443,91,573,2019-06-02
1444,10,1235,2019-10-15
1445,90,215,2019-08-16
1446,10,1236,2019-08-31
1447,91,845,2019-09-08
1448,10,1237,2019-05-02
1449,91,364,2019-10-22
1450,10,1238,2019-08-27
1451,91,1118,2019-04-06
1452,10,1239,2019-04-29
1453,91,1215,2019-05-20
1454,10,1240,2019-06-19
1455,90,988,2019-04-06
1456,10,1241,2019-03-15
1457,90,314,2019-04-03
1458,10,1242,2019-11-06
1459,90,822,2019-03-09
1460,10,1243,2019-07-21
1461,90,748,2020-02-27
1462,10,1244,2019-05-28
1463,90,43,2019-07-30
1464,10,1245,2019-07-09
1465,91,132,2019-11-28
1466,10,1246,2019-07-12
1467,91,322,2019-07-12
1468,10,1247,2019-05-02
1469,90,311,2019-09-02
1470,10,1248,2019-05-12
1471,91,728,2019-01-14
1472,10,1249,2019-05-06
1473,91,521,2019-09-02
1474,10,1250,2019-06-17
1475,91,802,2019-07-27
1476,10,1251,2019-11-30
1477,90,361,2019-04-21
1478,10,1252,2019-11-19
1479,90,500,2019-11-24
1480,10,1253,2019-05-25
1481,90,734,2019-07-18
1482,10,1254,2019-11-09
1483,90,1159,2019-10-22
1484,10,1255,2019-11-17
1485,91,1144,2019-06-23
1486,10,1256,2019-08-18
1487,91,707,2019-07-17
1488,10,1257,2019-06-08
1489,91,802,2019-07-04
1490,10,1258,2019-05-19
1491,90,465,2019-07-08
1492,10,1259,2019-06-14
1493,91,71,2019-06-07
1494,10,1260,2019-09-22
1495,91,1120,2019-10-29
1496,10,1261,2019-04-24
1497,91,351,2019-08-03
1498,10,1262,2019-08-08
1499,91,786,2019-07-07
1500,10,1263,2019-05-12
1501,90,733,2019-03-15
1502,10,1264,2019-08-19
1503,90,996,2019-03-29
1504,10,1265,2019-07-11
1505,91,234,2019-03-19
1506,10,1266,2019-08-25
1507,91,253,2019-05-09
1508,10,1267,2019-11-19
1509,91,862,2019-08-20
1510,10,1268,2019-07-19
1511,90,477,2019-06-05
1512,10,1269,2019-02-22
1513,91,706,2019-07-09
1514,10,1270,2019-04-21
1515,91,275,2019-05-31
1516,10,1271,2019-07-06
1517,90,722,2019-05-02
1518,10,1272,2019-05-19
1519,91,1056,2019-07-09
1520,10,1273,2019-09-21
1521,90,1156,2019-07-07
1522,10,1274,2019-05-03
1523,91,481,2019-07-29
1524,10,1275,2019-05-26
1525,90,495,2020-01-15
1526,10,1276,2019-07-13
1527,90,3,2019-06-24
1528,10,1277,2019-07-25
1529,90,153,2019-08-04
1530,10,1278,2019-03-31
1531,90,266,2019-06-09
1532,10,1279,2019-07-10
1533,91,502,2019-09-27
1534,10,1280,2019-02-20
1535,91,351,2019-06-27
1536,10,1281,2019-11-01
1537,91,940,2019-06-20
1538,10,1282,2019-05-28
1539,91,692,2020-03-31
1540,10,1283,2021-01-05
1541,91,463,2020-04-01
1542,10,1284,2020-05-28
1543,90,863,2020-11-17
1544,10,1285,2020-10-11
1545,91,641,2020-10-20
1546,10,1286,2020-08-16
1547,91,313,2020-04-16
1548,10,1287,2020-06-20
1549,90,353,2020-08-16
1550,10,1288,2020-07-05
1551,90,285,2020-04-12
1552,10,1289,2020-07-23
1553,91,217,2020-10-16
1554,10,1290,2020-10-18
1555,90,275,2020-09-12
1556,10,1291,2020-03-10
1557,90,301,2020-09-28
1558,10,1292,2020-05-30
1559,91,721,2020-09-05
1560,10,1293,2020-08-25
1561,90,710,2020-04-15
1562,10,1294,2020-04-22
1563,91,783,2020-06-09
1564,10,1295,2020-02-25
1565,91,823,2020-02-25
1566,10,1296,2020-08-29
1567,90,1021,2020-09-15
1568,10,1297,2020-04-24
1569,91,1031,2020-07-14
1570,10,1298,2020-07-21
1571,91,409,2020-05-11
1572,10,1299,2020-06-20
1573,91,770,2020-09-03
1574,10,1300,2020-04-19
1575,90,775,2020-08-07
1576,10,1301,2020-06-07
1577,90,1244,2019-12-25
1578,10,1302,2020-08-21
1579,90,937,2020-04-30
1580,10,1303,2020-06-14
1581,91,787,2020-03-02
1582,10,1304,2020-09-22
1583,90,790,2020-11-09
1584,10,1305,2020-04-23
1585,90,1011,2020-07-02
1586,10,1306,2020-07-26
1587,91,854,2020-08-20
1588,10,1307,2020-08-20
1589,90,626,2020-05-16
1590,10,1308,2020-05-15
1591,90,1294,2020-07-01
1592,10,1309,2020-10-22
1593,91,960,2020-09-13
1594,10,1310,2020-05-23
1595,91,855,2020-01-07
1596,10,1311,2020-04-24
1597,90,666,2020-04-29
1598,10,1312,2020-05-28
1599,90,426,2020-03-14
1600,10,1313,2020-07-22
1601,91,457,2020-07-02
1602,10,1314,2020-12-24
1603,91,563,2020-12-24
1604,10,1315,2019-12-21
1605,91,1165,2019-09-17
1606,10,1316,2020-05-18
1607,90,930,2020-10-22
1608,10,1317,2020-07-17
1609,90,950,2020-07-06
1610,10,1318,2020-10-06
1611,91,805,2020-07-26
1612,10,1319,2020-06-07
1613,91,503,2020-11-24
1614,10,1320,2020-12-16
1615,90,140,2020-06-02
1616,10,1321,2020-06-13
1617,91,440,2020-07-22
1618,10,1322,2020-03-01
1619,91,962,2020-05-13
1620,10,1323,2020-06-16
1621,90,345,2021-01-14
1622,10,1324,2020-08-12
1623,91,1299,2020-07-29
1624,10,1325,2020-07-30
1625,90,120,2020-04-12
1626,10,1326,2020-04-20
1627,91,585,2021-01-02
1628,10,1327,2020-07-15
1629,90,610,2021-01-27
1630,10,1328,2020-09-07
1631,91,174,2020-08-10
1632,10,1329,2020-06-01
1633,91,830,2020-07-22
1634,10,1330,2020-05-05
1635,91,42,2020-08-29
1636,10,1331,2020-07-07
1637,90,5,2020-07-15
1638,10,1332,2020-03-12
1639,90,1082,2020-04-16
1640,10,1333,2020-07-16
1641,90,1116,2020-05-13
1642,10,1334,2020-12-15
1643,90,175,2020-08-04
1644,10,1335,2020-07-13
1645,90,910,2020-02-04
1646,10,1336,2020-11-22
1647,90,124,2020-06-14
1648,10,1337,2020-04-10
1649,91,933,2020-07-17
1650,10,1338,2020-04-19
1651,90,951,2020-08-20
1652,10,1339,2020-09-09
1653,91,1295,2020-08-15
1654,10,1340,2020-02-15
1655,90,624,2020-05-21
1656,10,1341,2020-08-27
1657,90,387,2020-05-31
1658,10,1342,2020-09-20
1659,90,416,2020-05-01
1660,10,1343,2020-11-01
1661,90,254,2020-04-18
1662,10,1344,2020-03-19
1663,91,945,2019-12-07
1664,10,1345,2020-04-04
1665,91,141,2020-06-04
1666,10,1346,2020-07-01
1667,90,708,2020-06-10
1668,10,1347,2020-03-28
1669,91,1289,2021-06-18
1670,10,1348,2021-05-08
1671,91,1310,2021-06-10
1672,10,1349,2021-09-16
1673,91,806,2021-06-19
1674,10,1350,2021-03-19
1675,91,1007,2021-12-22
1676,10,1351,2021-05-29
1677,91,1119,2021-06-13
1678,10,1352,2020-11-22
1679,90,253,2021-04-24
1680,10,1353,2021-08-23
1681,91,1319,2021-03-22
1682,10,1354,2021-03-24
1683,90,177,2021-06-03
1684,10,1355,2021-07-04
1685,90,316,2021-07-09
1686,10,1356,2021-04-30
1687,90,850,2021-02-13
1688,10,1357,2021-05-04
1689,91,334,2021-07-20
1690,10,1358,2021-05-30
1691,90,1153,2021-02-24
1692,10,1359,2021-05-25
1693,90,878,2021-02-10
1694,10,1360,2021-09-05
1695,91,1070,2021-10-08
1696,10,1361,2021-09-23
1697,90,705,2021-08-13
1698,10,1362,2021-12-21
1699,90,771,2020-11-20
1700,10,1363,2021-05-01
1701,91,11,2021-09-29
1702,10,1364,2021-08-29
1703,91,673,2021-07-21
1704,10,1365,2021-11-19
1705,91,743,2021-05-28
1706,10,1366,2021-08-10
1707,90,232,2021-06-13
1708,10,1367,2021-07-01
1709,90,541,2021-05-27
1710,10,1368,2021-08-01
1711,90,356,2021-03-29
1712,10,1369,2021-07-07
1713,91,712,2021-04-14
1714,10,1370,2021-05-05
1715,90,1048,2021-12-23
1716,10,1371,2021-08-04
1717,91,1298,2021-10-05
1718,10,1372,2021-05-15
1719,91,1233,2021-07-06
1720,10,1373,2021-06-28
1721,90,180,2021-05-23
1722,10,1374,2021-05-19
1723,91,1235,2021-11-16
1724,10,1375,2021-04-11
1725,90,41,2021-11-20
1726,10,1376,2021-05-23
1727,90,521,2021-05-03
1728,10,1377,2021-06-22
1729,90,1165,2021-07-13
1730,10,1378,2021-04-10
1731,91,72,2021-09-20
1732,10,1379,2021-06-25
1733,91,921,2021-04-23
1734,10,1380,2021-08-19
1735,91,1292,2021-02-24
1736,10,1381,2021-10-22
1737,91,651,2021-07-30
1738,10,1382,2021-04-19
1739,90,509,2021-03-16
1740,10,1383,2021-11-17
1741,91,287,2021-05-27
1742,10,1384,2021-07-23
1743,91,598,2021-09-25
1744,10,1385,2021-05-22
1745,90,1301,2021-11-26
1746,10,1386,2021-05-02
1747,91,889,2021-06-06
1748,10,1387,2021-06-17
1749,91,338,2021-04-26
1750,10,1388,2021-07-07
1751,91,1339,2021-08-09
1752,10,1389,2021-12-17
1753,91,501,2021-05-29
1754,10,1390,2021-06-06
1755,90,763,2021-07-12
1756,10,1391,2020-12-14
1757,90,1098,2021-07-02
1758,10,1392,2021-08-15
1759,91,1009,2021-06-20
1760,10,1393,2021-06-14
1761,90,445,2021-05-15
1762,10,1394,2021-11-06
1763,91,192,2021-06-06
1764,10,1395,2021-08-20
1765,91,975,2021-05-16
1766,10,1396,2021-07-21
1767,90,151,2021-06-15
1768,10,1397,2021-09-29
1769,90,588,2021-03-31
1770,10,1398,2021-07-15
1771,91,776,2021-06-09
1772,10,1399,2021-10-05
1773,90,474,2021-04-20
1774,10,1400,2021-10-17
1775,91,106,2021-04-05
1776,10,1401,2021-03-14
1777,91,121,2021-09-24
1778,10,1402,2020-11-18
1779,91,51,2021-09-23
1780,10,1403,2021-06-09
1781,91,717,2021-07-03
1782,10,1404,2021-06-28
1783,90,1064,2021-08-15
1784,10,1405,2021-06-27
1785,91,847,2021-08-06
1786,10,1406,2021-07-13
1787,91,195,2021-11-03
1788,10,1407,2021-08-02
1789,91,878,2021-08-07
1790,10,1408,2021-12-12
1791,90,451,2021-12-13
1792,10,1409,2021-05-22
1793,90,588,2021-06-28
1794,10,1410,2021-04-20
1795,90,317,2021-07-07
1796,10,1411,2021-03-05
1797,91,159,2021-02-07
1798,10,1412,2021-02-27
1799,90,97,2021-06-28
1800,10,1413,2021-04-14
1801,90,969,2021-01-28
1802,10,1414,2021-09-27
1803,91,276,2021-10-24
1804,10,1415,2021-08-21
1805,91,161,2022-12-03
1806,10,1416,2022-08-26
1807,90,1148,2022-05-12
1808,10,1417,2022-03-09
1809,91,97,2022-07-05
1810,10,1418,2022-08-07
1811,90,678,2022-08-11
1812,10,1419,2022-05-15
1813,90,548,2022-09-08
1814,10,1420,2023-04-14
1815,91,657,2022-02-05
1816,10,1421,2022-03-04
1817,90,1103,2022-06-25
1818,10,1422,2022-01-04
1819,91,368,2022-05-01
1820,10,1423,2022-03-31
1821,90,686,2022-07-14
1822,10,1424,2022-07-04
1823,90,1299,2022-07-11
1824,10,1425,2022-01-09
1825,91,1242,2022-11-05
1826,10,1426,2022-05-24
1827,90,1377,2022-05-06
1828,10,1427,2021-12-15
1829,90,243,2022-08-11
1830,10,1428,2022-03-15
1831,91,180,2022-05-19
1832,10,1429,2022-07-29
1833,91,1157,2022-08-08
1834,10,1430,2022-05-29
1835,90,6,2022-06-18
1836,10,1431,2022-04-21
1837,91,152,2022-10-04
1838,10,1432,2022-08-03
1839,90,728,2022-07-20
1840,10,1433,2022-09-07
1841,91,343,2022-12-02
1842,10,1434,2022-07-31
1843,90,1067,2022-07-29
1844,10,1435,2022-03-28
1845,90,1084,2022-06-03
1846,10,1436,2022-03-08
1847,90,735,2022-06-15
1848,10,1437,2022-02-22
1849,91,70,2022-05-17
1850,10,1438,2022-05-01
1851,91,1076,2022-01-27
1852,10,1439,2022-10-12
1853,90,812,2022-07-23
1854,10,1440,2022-12-25
1855,90,715,2022-04-20
1856,10,1441,2022-07-26
1857,90,954,2022-08-05
1858,10,1442,2022-09-22
1859,91,378,2022-10-25
1860,10,1443,2022-03-06
1861,91,555,2022-08-04
1862,10,1444,2022-10-10
1863,91,1211,2022-04-28
1864,10,1445,2022-02-03
1865,91,846,2022-08-03
1866,10,1446,2022-08-23
1867,91,1369,2022-04-02
1868,10,1447,2022-05-14
1869,91,203,2022-06-17
1870,10,1448,2022-05-30
1871,91,421,2022-08-14
1872,10,1449,2022-10-11
1873,91,299,2022-05-18
1874,10,1450,2022-07-17
1875,91,1248,2022-07-18
1876,10,1451,2022-04-14
1877,90,1095,2022-10-25
1878,10,1452,2022-03-14
1879,90,856,2022-09-12
1880,10,1453,2023-01-06
1881,90,1218,2022-10-29
1882,10,1454,2022-12-09
1883,90,1014,2021-12-20
1884,10,1455,2022-06-01
1885,91,464,2022-06-15
1886,10,1456,2022-04-17
1887,91,465,2022-04-25
1888,10,1457,2022-06-20
1889,91,28,2021-10-30
1890,10,1458,2022-06-17
1891,90,391,2022-12-18
1892,10,1459,2022-04-27
1893,90,753,2022-08-11
1894,10,1460,2022-09-08
1895,91,22,2022-09-27
1896,10,1461,2022-07-30
1897,90,81,2022-10-04
1898,10,1462,2022-09-06
1899,91,347,2022-06-05
1900,10,1463,2022-04-06
1901,90,425,2022-06-29
1902,10,1464,2022-10-19
1903,91,772,2022-06-29
1904,10,1465,2022-05-30
1905,91,1207,2022-01-22
1906,10,1466,2022-06-03
1907,91,155,2022-08-19
1908,10,1467,2022-12-12
1909,90,1132,2022-04-09
1910,10,1468,2022-07-22
1911,91,924,2022-05-21
1912,10,1469,2022-07-22
1913,90,1194,2022-05-04
1914,10,1470,2022-03-16
1915,91,655,2022-03-29
1916,10,1471,2022-06-25
1917,90,656,2022-12-09
1918,10,1472,2022-05-22
1919,90,1290,2022-03-11
1920,10,1473,2022-04-01
1921,90,623,2022-07-04
1922,10,1474,2022-04-24
1923,90,567,2022-05-05
1924,10,1475,2022-07-16
1925,90,852,2022-08-25
1926,10,1476,2022-07-08
1927,91,1054,2022-11-09
1928,10,1477,2022-09-13
1929,91,758,2022-06-11
1930,10,1478,2022-07-21
1931,91,504,2022-08-27
1932,10,1479,2022-05-08
1933,91,1303,2022-01-27
1934,10,1480,2022-06-22
1935,90,1245,2022-03-23
1936,10,1481,2022-06-27
1937,91,292,2022-09-15
1938,10,1482,2022-04-19
1939,90,10,2022-06-15
1940,10,1483,2022-04-19
1941,91,656,2022-05-17
1942,10,1484,2022-05-27
1943,91,1209,2022-06-28
1944,10,1485,2022-12-25
1945,91,1321,2022-07-27
1946,10,1486,2022-11-15
1947,90,867,2022-08-12
1948,10,1487,2022-05-03
1949,90,1329,2023-05-24
1950,10,1488,2023-08-25
1951,90,1360,2023-07-24
1952,10,1489,2023-07-16
1953,91,901,2022-12-21
1954,10,1490,2023-06-19
1955,91,394,2023-09-27
1956,10,1491,2023-06-27
1957,90,1237,2023-01-10
1958,10,1492,2023-02-13
1959,90,364,2023-07-20
1960,10,1493,2023-04-18
1961,90,749,2023-08-15
1962,10,1494,2023-07-05
1963,91,1453,2023-02-20
1964,10,1495,2023-05-18
1965,90,726,2023-05-28
1966,10,1496,2023-07-20
1967,91,152,2024-02-10
1968,10,1497,2023-08-21
1969,90,1022,2023-07-10
1970,10,1498,2023-06-22
1971,90,511,2023-06-13
1972,10,1499,2023-11-29
1973,91,981,2023-07-31
1974,10,1500,2023-06-18
1975,90,869,2024-01-01
1976,10,1501,2023-06-07
1977,90,357,2023-06-25
1978,10,1502,2023-10-13
1979,91,1427,2023-03-02
1980,10,1503,2023-01-30
1981,91,1295,2023-12-21
1982,10,1504,2022-12-24
1983,91,643,2023-08-25
1984,10,1505,2023-09-15
1985,91,820,2023-07-11
1986,10,1506,2023-08-03
1987,90,1220,2023-12-25
1988,10,1507,2023-07-27
1989,91,1183,2023-01-05
1990,10,1508,2023-07-11
1991,90,247,2023-03-24
1992,10,1509,2023-09-09
1993,91,1228,2023-05-18
1994,10,1510,2023-04-01
1995,90,146,2023-06-27
1996,10,1511,2023-04-28
1997,91,1404,2023-12-13
1998,10,1512,2022-11-20
1999,90,651,2023-08-18
2000,10,1513,2023-09-11
2001,91,1339,2023-06-18
2002,10,1514,2023-09-11
2003,90,205,2023-07-21
2004,10,1515,2023-06-18
2005,90,824,2023-08-25
2006,10,1516,2023-04-09
2007,90,920,2023-08-27
2008,10,1517,2023-06-12
2009,90,416,2023-07-19
2010,10,1518,2023-08-06
2011,90,965,2023-03-09
2012,10,1519,2023-06-09
2013,91,1214,2023-07-01
2014,10,1520,2023-02-12
2015,90,1010,2023-08-31
2016,10,1521,2023-04-19
2017,90,720,2023-06-14
2018,10,1522,2023-07-19
2019,90,264,2023-04-21
2020,10,1523,2023-10-03
2021,90,313,2023-06-16
2022,10,1524,2023-06-13
2023,90,430,2023-04-01
2024,10,1525,2023-08-15
2025,90,751,2023-03-30
2026,10,1526,2023-05-22
2027,91,1417,2023-05-25
2028,10,1527,2023-04-30
2029,90,436,2023-08-03
2030,10,1528,2023-08-19
2031,91,305,2023-04-04
2032,10,1529,2023-08-12
2033,91,1009,2023-11-24
2034,10,1530,2023-03-06
2035,90,1022,2023-03-14
2036,10,1531,2023-04-17
2037,90,762,2023-06-19
2038,10,1532,2023-03-17
2039,91,1272,2023-12-24
2040,10,1533,2023-09-22
2041,91,1024,2023-11-09
2042,10,1534,2023-04-30
2043,91,1503,2023-08-17
2044,10,1535,2023-04-05
2045,90,623,2023-09-30
2046,10,1536,2024-01-23
2047,91,185,2023-04-10
2048,10,1537,2023-06-06
2049,91,1339,2023-04-21
2050,10,1538,2023-05-13
2051,90,1164,2023-05-30
2052,10,1539,2023-05-21
2053,91,157,2023-04-26
2054,10,1540,2023-06-02
2055,90,1012,2023-06-23
2056,10,1541,2023-05-27
2057,90,1279,2023-05-19
2058,10,1542,2023-03-24
2059,90,1438,2023-04-29
2060,10,1543,2023-09-09
2061,90,1357,2023-06-15
2062,10,1544,2023-11-26
2063,90,44,2023-07-01
2064,10,1545,2023-07-29
2065,90,174,2023-08-23
2066,10,1546,2023-07-08
2067,90,720,2023-06-07
2068,10,1547,2024-02-12
2069,91,236,2023-10-15
2070,10,1548,2023-02-18
2071,91,672,2023-03-21
2072,10,1549,2023-08-05
2073,91,521,2023-09-02
2074,10,1550,2023-10-05
2075,91,888,2023-03-15
2076,10,1551,2023-06-09
2077,91,977,2023-03-27
2078,10,1552,2023-04-04
2079,90,840,2023-09-08
2080,10,1553,2023-04-21
2081,91,727,2023-08-21
2082,10,1554,2023-02-10
2083,91,331,2023-06-20
2084,10,1555,2023-06-14
2085,91,1145,2023-07-30
2086,10,1556,2023-05-23
2087,90,930,2023-03-28
2088,10,1557,2023-06-15
2089,90,577,2023-04-14
2090,10,1558,2023-11-01
2091,90,1284,2023-01-30
2092,10,1559,2023-07-12
2093,91,443,2023-07-22
2094,10,1560,2023-04-22
2095,91,1232,2023-03-13
2096,10,1561,2023-03-07
2097,91,935,2023-08-20
2098,10,1562,2023-07-01
2099,30,11,2017-04-23
2100,30,28,2016-11-14
2101,30,51,2017-06-24
2102,30,53,2017-05-28
2103,30,71,2017-06-25
2104,30,76,2017-11-19
2105,30,120,2017-03-23
2106,30,124,2017-04-20
2107,30,138,2017-05-14
2108,30,146,2017-10-09
2109,30,152,2017-06-19
2110,30,159,2017-10-06
2111,30,167,2017-12-25
2112,30,177,2017-06-10
2113,30,195,2017-09-14
2114,30,199,2017-06-01
2115,30,205,2017-04-24
2116,30,215,2017-05-20
2117,30,226,2017-04-27
2118,30,234,2017-07-30
2119,30,236,2017-01-25
2120,30,257,2017-03-28
2121,30,264,2017-09-02
2122,30,273,2017-05-01
2123,30,276,2017-03-22
2124,30,285,2017-06-14
2125,30,287,2017-08-21
2126,30,290,2017-06-25
2127,30,300,2017-07-05
2128,30,311,2017-10-24
2129,30,322,2017-06-02
2130,30,361,2017-06-01
2131,30,387,2017-10-13
2132,30,394,2017-08-13
2133,30,409,2017-06-18
2134,30,436,2017-05-27
2135,30,463,2017-07-11
2136,30,477,2017-06-17
2137,30,481,2017-06-14
2138,30,509,2017-07-24
2139,30,511,2017-07-13
2140,30,513,2017-02-25
2141,30,521,2017-06-08
2142,30,525,2017-09-05
2143,30,555,2017-07-10
2144,30,557,2017-08-23
2145,30,577,2017-04-02
2146,30,598,2017-07-18
2147,30,603,2017-04-29
2148,30,623,2017-07-21
2149,30,628,2017-04-15
2150,30,663,2017-06-07
2151,30,701,2017-07-05
2152,30,705,2017-09-27
2153,30,708,2017-03-30
2154,30,710,2017-04-03
2155,30,727,2017-05-15
2156,30,734,2017-08-28
2157,30,749,2017-10-24
2158,30,790,2017-08-15
2159,30,812,2017-08-04
2160,30,823,2017-01-25
2161,30,837,2017-01-04
2162,30,839,2017-07-09
2163,30,840,2017-02-17
2164,30,846,2017-04-27
2165,30,847,2017-05-02
2166,30,856,2017-04-08
2167,30,858,2017-08-28
2168,30,862,2017-10-16
2169,30,867,2017-06-17
2170,30,910,2017-08-05
2171,30,924,2016-10-08
2172,30,935,2017-08-30
2173,30,937,2017-09-16
2174,30,950,2017-07-15
2175,30,955,2017-05-04
2176,30,960,2017-11-05
2177,30,965,2017-05-27
2178,30,969,2017-11-23
2179,30,977,2017-10-09
2180,30,985,2017-06-23
2181,30,988,2017-09-09
2182,30,996,2017-02-01
2183,30,1021,2017-05-06
2184,30,1052,2017-02-17
2185,30,1054,2017-07-16
2186,30,1056,2017-07-06
2187,30,1067,2017-11-15
2188,30,1076,2017-10-02
2189,30,1082,2017-10-22
2190,30,1098,2017-07-19
2191,30,1118,2017-08-21
2192,30,1119,2017-04-23
2193,30,1132,2017-06-10
2194,30,1139,2017-03-07
2195,30,1144,2017-07-14
2196,30,1145,2017-07-24
2197,30,1148,2017-06-13
2198,30,1149,2017-07-03
2199,30,1153,2017-07-13
2200,30,1157,2017-08-04
2201,30,1159,2017-08-05
2202,30,1164,2017-08-29
2203,30,1165,2017-11-13
2204,30,1168,2017-06-01
2205,30,1173,2017-03-14
2206,30,1176,2017-04-27
2207,30,1194,2017-08-11
2208,30,1198,2017-06-18
2209,30,1207,2017-06-16
2210,30,1209,2017-04-19
2211,30,1211,2017-08-21
2212,30,1214,2017-11-09
2213,30,1218,2017-04-09
2214,30,1220,2017-06-09
2215,30,1235,2017-07-14
2216,30,1237,2017-01-17
2217,30,1242,2017-07-29
2218,30,1245,2017-06-20
2219,30,1248,2017-05-09
2220,30,1272,2017-08-07
2221,30,1279,2017-10-03
2222,30,1284,2017-09-16
2223,30,1290,2017-07-15
2224,30,1292,2017-02-10
2225,30,1294,2017-02-20
2226,30,1295,2017-05-01
2227,30,1299,2017-08-10
2228,30,1301,2017-06-14
2229,30,1303,2017-07-31
2230,30,1310,2017-10-06
2231,30,1329,2017-11-07
2232,30,1339,2017-05-22
2233,30,1357,2017-06-25
2234,30,1360,2017-06-29
2235,30,1369,2017-05-07
2236,30,1427,2017-09-22
2237,30,1438,2017-07-10
2238,30,1453,2017-12-18
2239,30,1503,2017-07-28
2240,30,3,2018-08-20
2241,30,11,2018-02-28
2242,30,22,2018-08-28
2243,30,41,2018-06-12
2244,30,43,2018-09-06
2245,30,51,2018-07-29
2246,30,106,2018-04-27
2247,30,124,2018-11-04
2248,30,151,2018-12-17
2249,30,177,2019-01-13
2250,30,195,2017-09-14
2251,30,199,2019-01-09
2252,30,203,2018-06-12
2253,30,232,2019-01-26
2254,30,234,2018-03-05
2255,30,236,2018-04-11
2256,30,243,2018-11-28
2257,30,247,2018-07-07
2258,30,257,2018-08-03
2259,30,264,2018-10-24
2260,30,266,2018-10-03
2261,30,276,2018-09-25
2262,30,285,2018-07-26
2263,30,292,2018-01-29
2264,30,314,2018-09-04
2265,30,317,2018-08-06
2266,30,331,2018-09-09
2267,30,338,2018-08-27
2268,30,348,2018-08-29
2269,30,356,2018-04-25
2270,30,361,2018-08-05
2271,30,394,2018-05-18
2272,30,425,2018-06-11
2273,30,436,2018-08-03
2274,30,464,2019-03-18
2275,30,474,2018-01-17
2276,30,481,2018-03-12
2277,30,511,2018-12-25
2278,30,525,2018-05-10
2279,30,548,2018-04-27
2280,30,563,2018-10-06
2281,30,567,2018-11-20
2282,30,577,2018-05-20
2283,30,588,2018-06-06
2284,30,609,2018-05-04
2285,30,623,2018-09-14
2286,30,643,2018-06-12
2287,30,672,2018-06-17
2288,30,687,2018-06-26
2289,30,707,2018-05-26
2290,30,710,2019-02-17
2291,30,721,2018-03-25
2292,30,734,2018-02-18
2293,30,749,2018-06-04
2294,30,753,2018-06-10
2295,30,758,2018-04-12
2296,30,782,2018-03-10
2297,30,812,2018-08-14
2298,30,823,2018-07-25
2299,30,840,2018-04-30
2300,30,854,2017-12-06
2301,30,855,2018-10-20
2302,30,869,2018-08-11
2303,30,910,2018-10-19
2304,30,933,2018-07-01
2305,30,937,2018-06-25
2306,30,945,2018-05-13
2307,30,960,2018-10-26
2308,30,962,2018-05-28
2309,30,969,2018-10-02
2310,30,981,2018-09-02
2311,30,988,2018-07-23
2312,30,1009,2018-05-01
2313,30,1010,2018-12-13
2314,30,1012,2018-07-09
2315,30,1014,2018-08-09
2316,30,1021,2018-07-31
2317,30,1070,2018-06-26
2318,30,1139,2018-09-24
2319,30,1144,2018-07-15
2320,30,1145,2018-04-26
2321,30,1153,2018-11-18
2322,30,1164,2018-01-21
2323,30,1165,2018-07-31
2324,30,1168,2018-01-26
2325,30,1173,2018-06-10
2326,30,1183,2018-04-05
2327,30,1218,2018-05-07
2328,30,1232,2018-06-13
2329,30,1233,2018-09-13
2330,30,1235,2018-07-03
2331,30,1237,2018-07-22
2332,30,1244,2018-09-01
2333,30,1245,2018-08-05
2334,30,1248,2018-06-25
2335,30,1272,2018-06-20
2336,30,1279,2018-07-20
2337,30,1284,2017-12-30
2338,30,1289,2018-09-18
2339,30,1290,2018-05-07
2340,30,1292,2018-06-16
2341,30,1294,2018-09-15
2342,30,1295,2018-07-06
2343,30,1298,2018-05-30
2344,30,1299,2018-05-10
2345,30,1303,2018-06-14
2346,30,1310,2018-07-12
2347,30,1319,2018-11-04
2348,30,1321,2018-06-30
2349,30,1339,2018-03-04
2350,30,1357,2018-09-17
2351,30,1360,2018-08-10
2352,30,1377,2018-06-03
2353,30,1404,2018-06-11
2354,30,1417,2018-05-24
2355,30,1427,2018-10-12
2356,30,1438,2018-04-28
2357,30,1453,2018-05-12
2358,30,6,2019-05-23
2359,30,71,2018-10-20
2360,30,106,2019-11-20
2361,30,124,2019-10-05
2362,30,140,2019-01-04
2363,30,141,2019-09-16
2364,30,151,2019-04-15
2365,30,175,2019-07-21
2366,30,177,2019-06-24
2367,30,180,2019-06-04
2368,30,203,2019-02-20
2369,30,205,2019-06-27
2370,30,232,2019-01-31
2371,30,236,2019-05-24
2372,30,243,2019-07-13
2373,30,247,2019-02-15
2374,30,266,2019-05-06
2375,30,276,2019-07-18
2376,30,285,2019-06-10
2377,30,292,2019-09-25
2378,30,305,2019-08-20
2379,30,311,2019-05-28
2380,30,317,2019-05-06
2381,30,356,2019-06-14
2382,30,364,2019-06-24
2383,30,368,2019-09-17
2384,30,425,2019-02-13
2385,30,463,2019-03-19
2386,30,509,2019-07-08
2387,30,548,2019-07-15
2388,30,563,2019-07-22
2389,30,585,2018-11-09
2390,30,655,2019-07-20
2391,30,666,2019-03-02
2392,30,686,2019-10-08
2393,30,692,2019-02-23
2394,30,707,2019-05-06
2395,30,717,2019-05-19
2396,30,721,2019-07-22
2397,30,722,2019-03-24
2398,30,753,2019-07-03
2399,30,758,2019-07-01
2400,30,762,2019-07-10
2401,30,771,2019-09-21
2402,30,783,2019-03-22
2403,30,823,2020-01-12
2404,30,847,2019-08-13
2405,30,850,2019-04-01
2406,30,852,2019-02-26
2407,30,856,2019-03-07
2408,30,867,2019-07-15
2409,30,888,2019-05-12
2410,30,901,2019-04-05
2411,30,920,2019-06-04
2412,30,921,2019-06-24
2413,30,930,2019-07-16
2414,30,954,2019-08-10
2415,30,981,2019-02-28
2416,30,1010,2019-05-14
2417,30,1064,2019-08-24
2418,30,1067,2019-05-24
2419,30,1120,2019-10-13
2420,30,1145,2019-12-22
2421,30,1153,2019-07-13
2422,30,1159,2019-08-27
2423,30,1164,2019-03-30
2424,30,1165,2019-07-27
2425,30,1173,2019-03-31
2426,30,1218,2019-07-14
2427,30,1220,2019-05-06
2428,30,1232,2019-08-26
2429,30,1235,2019-08-25
2430,30,1237,2019-01-16
2431,30,1242,2018-11-05
2432,30,1244,2019-05-20
2433,30,1245,2019-07-17
2434,30,1248,2019-09-21
2435,30,1272,2019-05-08
2436,30,1279,2019-12-31
2437,30,1284,2019-04-16
2438,30,1289,2019-08-20
2439,30,1290,2019-01-04
2440,30,1292,2019-11-25
2441,30,1294,2019-10-01
2442,30,1295,2019-04-01
2443,30,1298,2019-07-05
2444,30,1299,2019-10-08
2445,30,1301,2019-06-27
2446,30,1303,2019-04-26
2447,30,1310,2019-01-08
2448,30,1319,2019-08-16
2449,30,1321,2019-03-26
2450,30,1329,2019-03-23
2451,30,1357,2019-05-30
2452,30,1360,2019-09-15
2453,30,1369,2019-08-19
2454,30,1377,2019-04-16
2455,30,1417,2019-11-26
2456,30,1427,2019-06-15
2457,30,1453,2019-09-09
2458,30,1503,2019-10-01
2459,30,6,2020-11-21
2460,30,28,2020-07-04
2461,30,41,2020-04-13
2462,30,44,2020-08-19
2463,30,70,2020-08-25
2464,30,81,2020-07-20
2465,30,106,2020-03-31
2466,30,140,2020-01-08
2467,30,152,2020-06-25
2468,30,157,2020-08-15
2469,30,180,2020-06-21
2470,30,203,2020-05-20
2471,30,217,2020-05-30
2472,30,247,2019-11-17
2473,30,276,2020-09-02
2474,30,285,2020-04-06
2475,30,292,2020-05-16
2476,30,299,2020-07-13
2477,30,305,2020-08-25
2478,30,313,2020-09-28
2479,30,343,2020-04-20
2480,30,356,2020-06-13
2481,30,416,2020-12-12
2482,30,443,2020-09-16
2483,30,451,2020-04-18
2484,30,464,2020-06-21
2485,30,548,2020-02-18
2486,30,585,2020-08-16
2487,30,641,2020-05-01
2488,30,655,2020-02-10
2489,30,656,2020-08-11
2490,30,657,2020-06-13
2491,30,672,2020-06-30
2492,30,686,2020-06-15
2493,30,705,2019-12-20
2494,30,712,2020-05-24
2495,30,715,2020-07-15
2496,30,751,2020-10-26
2497,30,790,2020-09-24
2498,30,850,2020-04-17
2499,30,852,2020-07-26
2500,30,854,2020-01-14
2501,30,867,2020-09-09
2502,30,921,2020-09-12
2503,30,933,2020-05-15
2504,30,950,2020-06-22
2505,30,954,2020-08-20
2506,30,960,2020-04-29
2507,30,1010,2020-04-13
2508,30,1014,2020-04-27
2509,30,1022,2020-11-12
2510,30,1031,2020-01-24
2511,30,1054,2020-09-03
2512,30,1070,2020-08-20
2513,30,1218,2020-05-04
2514,30,1228,2020-07-31
2515,30,1235,2020-06-25
2516,30,1237,2020-09-11
2517,30,1242,2020-06-24
2518,30,1245,2020-04-24
2519,30,6,2021-04-18
2520,30,10,2021-10-10
2521,30,22,2021-05-23
2522,30,28,2021-03-29
2523,30,41,2021-05-16
2524,30,72,2021-04-19
2525,30,81,2021-06-11
2526,30,121,2021-06-21
2527,30,152,2021-03-05
2528,30,157,2021-09-28
2529,30,195,2021-07-03
2530,30,243,2021-04-28
2531,30,247,2021-10-13
2532,30,264,2021-06-19
2533,30,292,2021-08-08
2534,30,299,2021-08-12
2535,30,305,2021-09-16
2536,30,313,2021-06-16
2537,30,425,2021-02-27
2538,30,436,2021-02-23
2539,30,451,2021-03-15
2540,30,504,2021-02-16
2541,30,548,2021-06-28
2542,30,656,2021-06-08
2543,30,657,2020-12-05
2544,30,672,2021-06-19
2545,30,715,2021-11-25
2546,30,772,2021-04-21
2547,30,856,2021-06-02
2548,30,878,2021-04-20
2549,30,924,2021-10-23
2550,30,981,2021-05-17
2551,30,1007,2021-09-07
2552,30,1010,2021-03-30
2553,30,1067,2021-06-17
2554,30,1098,2020-11-22
2555,30,1145,2021-03-08
2556,30,1157,2021-07-30
2557,30,1233,2021-03-22
2558,30,1235,2021-06-18
2559,30,1237,2021-08-04
2560,30,1245,2021-10-11
2561,30,22,2022-06-26
2562,30,81,2022-07-13
2563,30,97,2022-05-05
2564,30,152,2022-10-20
2565,30,157,2022-09-19
2566,30,185,2022-04-13
2567,30,292,2022-04-04
2568,30,305,2022-07-29
2569,30,347,2022-05-08
2570,30,511,2022-05-05
2571,30,555,2022-06-26
2572,30,751,2022-02-24
2573,30,758,2022-05-06
2574,30,762,2022-05-16
2575,30,772,2022-04-30
2576,30,1054,2022-01-27
2577,30,1157,2022-03-27
2578,30,1295,2022-06-06
2579,30,1321,2022-04-09
2580,30,1329,2022-09-05
2581,30,1339,2022-05-06
2582,30,869,2023-05-16
2583,30,1024,2023-08-17
2584,30,1220,2023-08-10
2585,30,1279,2023-03-24
2586,30,1329,2023-05-23
